gender,email,phone,cell,nat,name.title,name.first,name.last,location.street.number,location.street.name,location.city,location.state,location.country,location.postcode,location.coordinates.latitude,location.coordinates.longitude,location.timezone.offset,location.timezone.description,login.uuid,login.username,login.password,login.salt,login.md5,login.sha1,login.sha256,dob.date,dob.age,registered.date,registered.age,id.name,id.value,picture.large,picture.medium,picture.thumbnail
female,alma.steffen@example.com,0784-4632002,0179-0214998,DE,Mrs,Alma,Steffen,5642,Mittelweg,Rheinau,Baden-Württemberg,Germany,21547,-53.3170,165.2236,-6:00,"Central Time (US & Canada), Mexico City",0d939ab0-2c3c-403a-bb36-1b0e7be76a54,happycat754,caster,VoVclO9R,a39294e264214cc106b4fdbaf4afd6f6,84a13ad32ae6a56135f4b38dae3fee5777c92f94,ad73762bf654fc5a921ac3370d0264c1c5f9318b13da09a4005047faffe8a2b3,1945-11-03T22:32:22.785Z,79,2020-01-12T09:42:21.405Z,5,SVNR,29 031145 S 507,https://randomuser.me/api/portraits/women/42.jpg,https://randomuser.me/api/portraits/med/women/42.jpg,https://randomuser.me/api/portraits/thumb/women/42.jpg
female,saana.walli@example.com,07-052-916,043-343-41-44,FI,Mrs,Saana,Walli,266,Esplanadi,Halsua,Päijät-Häme,Finland,65379,-75.4401,-153.3805,+2:00,"Kaliningrad, South Africa",3e1326ef-e50c-45ad-b780-11a9cd428391,beautifulzebra925,superman,U3rjGmJf,2607e82fc6ba9ce50e3b89bcbe03c4eb,b7bc7df717e4a410807b88f553e084c5cfaeb9c2,fa6375cec91c85e3f5a81337e2a3bfbbd31dbeaaa46d87c36a50c37f8dd0d18e,1976-07-01T12:16:31.606Z,49,2014-06-06T15:50:16.481Z,11,HETU,NaNNA322undefined,https://randomuser.me/api/portraits/women/25.jpg,https://randomuser.me/api/portraits/med/women/25.jpg,https://randomuser.me/api/portraits/thumb/women/25.jpg
female,mira.abdalla@example.com,27639819,45834557,NO,Miss,Mira,Abdalla,643,Bomveien,Malme,Oppland,Norway,4682,66.9387,-158.1564,+1:00,"Brussels, Copenhagen, Madrid, Paris",fe894b19-4e2a-4567-9617-6443beb01711,smallrabbit942,recon,7uX6kbuG,bc5c1fdd38ac8a3387d667789197a218,1e4f2d4b894350ded288a120e6820f1701e7841c,59a39060ab6405bc40e8404f2a76745ad2dd4c2ca4a4fa860b658de2fd1735ee,1993-08-13T12:00:43.629Z,31,2002-04-22T00:36:22.719Z,23,FN,13089317813,https://randomuser.me/api/portraits/women/57.jpg,https://randomuser.me/api/portraits/med/women/57.jpg,https://randomuser.me/api/portraits/thumb/women/57.jpg
male,kalpit.shah@example.com,9246097036,9608944540,IN,Mr,Kalpit,Shah,9143,Lindsay St,Siliguri,Gujarat,India,69342,-0.3113,13.6788,+6:00,"Almaty, Dhaka, Colombo",3f5ce205-8bdc-4ed0-91ba-5fd1f78e5799,blackswan516,ghost,MQy57tR4,ea3719531d99272a2e5820f1ffe6c0e0,7c637f9cf2ca24db51fe498c8220612c25baef9a,cc55daf2bda0bd7539a6083c835596777a02648ccefef55fcb82d4067d45eb76,1980-10-21T20:11:27.720Z,44,2012-12-22T00:31:47.342Z,12,UIDAI,968806803344,https://randomuser.me/api/portraits/men/10.jpg,https://randomuser.me/api/portraits/med/men/10.jpg,https://randomuser.me/api/portraits/thumb/men/10.jpg
male,gustavo.lemus@example.com,(671) 951 2390,(628) 190 4441,MX,Mr,Gustavo,Lemus,6321,Continuación Jamaica,Garza González,Colima,Mexico,79953,40.9552,50.4130,+7:00,"Bangkok, Hanoi, Jakarta",8808dce7-d5a9-4b6e-b5be-62d7a81b37a1,silvergoose813,brenda,R64g6I3X,6380d451e7b4bc5c352bd03dfefba0c1,82febb8e7f80544dc967a8f904adb226c232cf29,7902750c33e0192e5142f36f63ef4704603faf126cfcf914fabe59f59af4f0b2,1980-11-26T08:02:08.864Z,44,2013-07-19T09:02:21.668Z,11,NSS,78 96 96 5110 0,https://randomuser.me/api/portraits/men/61.jpg,https://randomuser.me/api/portraits/med/men/61.jpg,https://randomuser.me/api/portraits/thumb/men/61.jpg
male,oliver.niva@example.com,05-245-693,041-161-81-23,FI,Mr,Oliver,Niva,8486,Rotuaari,Luhanka,North Karelia,Finland,95753,75.2907,81.7815,+9:00,"Tokyo, Seoul, Osaka, Sapporo, Yakutsk",059f91df-7787-40ea-ad0a-d05577a667da,blackleopard191,funk,nMLkfQqn,b8743802f6c49bc6a7472434c26b5d2a,d74e423400aeab2768f03dbb2b34d125f253b9ac,d8354d43fd09fe3d95f2c690c83a2c50650853bf1ffb2f05b21d11e5370cc9cf,1949-06-29T15:58:47.597Z,76,2016-08-31T23:24:21.615Z,8,HETU,NaNNA875undefined,https://randomuser.me/api/portraits/men/61.jpg,https://randomuser.me/api/portraits/med/men/61.jpg,https://randomuser.me/api/portraits/thumb/men/61.jpg
male,joar.bue@example.com,81743644,41736002,NO,Mr,Joar,Bue,2252,Akersbakken,Kroksund,Description,Norway,5680,-7.3900,-67.7376,+11:00,"Magadan, Solomon Islands, New Caledonia",4cbee1e8-ec2c-45ca-89c3-f9244f13c2e1,sadpanda288,closeup,g107yM9j,efbfb76df0bc0b4ce642ea523beeae8f,6fdd9e3265209bbef4ff9fe3d4e2553df5f803fa,384fecb6bd4da4eda5787da6723bbb4ff58f98c8d6ea49336ec5ffb85abd159c,1972-12-08T20:49:10.094Z,52,2022-05-21T00:54:17.518Z,3,FN,08127217506,https://randomuser.me/api/portraits/men/5.jpg,https://randomuser.me/api/portraits/med/men/5.jpg,https://randomuser.me/api/portraits/thumb/men/5.jpg
female,mya.lemoine@example.com,03-84-07-57-04,06-87-06-88-63,FR,Mrs,Mya,Lemoine,1695,Rue Paul Bert,Fort-de-France,Puy-de-Dôme,France,34927,-8.3892,-27.8574,-3:30,Newfoundland,71cef9e9-8320-4056-baed-b75f39921b43,yellowswan606,nothing,v3N1ABQ7,0ad888ef3c6a39b9221f4285c1e9ccc9,8a5ee943f2b5e16415bac63a71430d2e2d3f2608,0b05cbfc74f70e71c6c61511b8f14139877094ec37acc7357963431026a6a889,1960-05-08T21:35:49.330Z,65,2016-11-20T17:46:19.337Z,8,INSEE,2600407757403 09,https://randomuser.me/api/portraits/women/42.jpg,https://randomuser.me/api/portraits/med/women/42.jpg,https://randomuser.me/api/portraits/thumb/women/42.jpg
female,madeleine.chen@example.com,(603)-532-9262,(656)-419-5643,NZ,Ms,Madeleine,Chen,2758,Cavendish Drive,Nelson,Auckland,New Zealand,50707,-22.6060,-122.9203,+4:30,Kabul,811b9746-8af5-412a-bd13-5ec8b061f306,redbird937,nono,yI0j2mPV,806952c803f10db5dda2d0b341614630,91d3a737d608fa9566f10ad106bc656a8cbea722,50cfb1ff971f4ea3610e945abfbb1d5b5d7d8718c099838e4058e7685d093d1f,1964-03-20T07:51:54.070Z,61,2007-02-05T15:49:55.859Z,18,,,https://randomuser.me/api/portraits/women/79.jpg,https://randomuser.me/api/portraits/med/women/79.jpg,https://randomuser.me/api/portraits/thumb/women/79.jpg
female,ana.ballesteros@example.com,(663) 540 3673,(609) 744 7427,MX,Ms,Ana,Ballesteros,1198,Circunvalación Beltrán,Baca,Estado de Mexico,Mexico,75446,-54.4864,-179.6552,+4:30,Kabul,1dff69f2-3bb3-47f0-a1b6-5a6712b69103,bluegorilla350,ramirez,PnJEGb8J,13e8c23dbb8902d338461176d28fe2a9,74f2c5739f07cb6f1ff80289e1c6df82a8610a94,a944d753cad92c76e0b5b4980810cfcdf9235c8b314bff57610e0dd2c8b50c06,1997-04-27T09:28:48.731Z,28,2010-03-06T13:54:50.606Z,15,NSS,07 63 33 6494 9,https://randomuser.me/api/portraits/women/32.jpg,https://randomuser.me/api/portraits/med/women/32.jpg,https://randomuser.me/api/portraits/thumb/women/32.jpg
male,bogdan.vasic@example.com,014-1003-030,060-3516-069,RS,Mr,Bogdan,Vasić,9776,Koretinska,Bor,Raška,Serbia,55689,26.3885,40.6760,+2:00,"Kaliningrad, South Africa",6bc9842f-5c45-4ead-a6af-afd94b67d71c,whitepeacock747,gertrude,Ct6K5bOP,151666cc8ccb6a45a63606c8cf31a07c,4d4e0086b8b267f7f129a78b09912ec8d07a4307,b220077fab9e2ddde4f873c01bf59071a9856fd2a36c692e3fa7b4e32b76d5e4,1959-04-10T14:03:04.207Z,66,2019-07-24T20:27:12.309Z,5,SID,383491867,https://randomuser.me/api/portraits/men/99.jpg,https://randomuser.me/api/portraits/med/men/99.jpg,https://randomuser.me/api/portraits/thumb/men/99.jpg
female,julia.adam@example.com,076 021 33 96,077 872 70 14,CH,Mademoiselle,Julia,Adam,1317,Quai Chauveau,Montherod,Thurgau,Switzerland,9258,10.4330,104.2089,0:00,"Western Europe Time, London, Lisbon, Casablanca",16dc09dd-a50c-4b8c-b15c-890ba4180768,bigsnake158,scotland,BQdVWMz7,8f09129d707e7c2911c575815cc64a92,a68c7cc7b51e822c9febbc954a6addf45271e738,1fa844905901fa3870d3bd66da842bb77acd3fdde238ccf2a39077b747dfaafc,1981-04-11T07:21:40.447Z,44,2010-04-20T07:17:01.407Z,15,AVS,756.5299.9022.74,https://randomuser.me/api/portraits/women/20.jpg,https://randomuser.me/api/portraits/med/women/20.jpg,https://randomuser.me/api/portraits/thumb/women/20.jpg
male,johan.hansen@example.com,16571061,15020319,DK,Mr,Johan,Hansen,3510,Agervej,Kongsvinger,Nordjylland,Denmark,34600,88.9763,-125.8865,-7:00,Mountain Time (US & Canada),d3acaa0e-53da-4168-94f4-a3a8a61f9a75,organickoala183,dolphin1,C7Ww7qbL,bae848535e0f5b485df55b8e25ef939c,c819fc2d9c10eba3aec8974301e38e792111c371,98fe05bd280adb68ca2f926ca02aafed77be7cb92876e42cdcf793e1e25d93e4,1984-03-13T23:20:32.605Z,41,2007-03-26T09:51:15.968Z,18,CPR,130384-5518,https://randomuser.me/api/portraits/men/85.jpg,https://randomuser.me/api/portraits/med/men/85.jpg,https://randomuser.me/api/portraits/thumb/men/85.jpg
female,anna.nguyen@example.com,078 439 70 50,079 411 25 75,CH,Mademoiselle,Anna,Nguyen,9805,Rue Chazière,Schattdorf,Glarus,Switzerland,3684,22.5218,57.8332,-11:00,"Midway Island, Samoa",11da1615-ba39-4780-b9b3-64e65a58705b,brownpeacock647,kenwood,yUtiT4rE,eb4e1d7a988e11e48c3192c02c4f460f,abb2e3db31cff1dc1f40114c206cb5de203059bc,c78583014a0e22559fad8388490d21639a2f0a498475dd92ce06f8a2e519c6b2,1991-11-14T15:23:15.968Z,33,2013-05-18T14:28:32.002Z,12,AVS,756.1028.5351.73,https://randomuser.me/api/portraits/women/23.jpg,https://randomuser.me/api/portraits/med/women/23.jpg,https://randomuser.me/api/portraits/thumb/women/23.jpg
female,nikolina.lucic@example.com,026-1247-656,064-6172-260,RS,Ms,Nikolina,Lučić,4493,Vladanova,Žabari,Šumadija,Serbia,10861,46.2394,-60.5784,+6:00,"Almaty, Dhaka, Colombo",1fc67c73-b0cb-4666-a7f7-fd01e8f62b87,angrywolf616,wayer,pzcxvFoU,b9ff0fe7ae649d1afed5fc6e6d1f889b,03a91a4ae43e3fd685531ef5809e9f3e7233f338,c88e1bd887b8fa030b6c9d4f077ead2f6d83faca451533a819f42270fa50eedc,1968-10-25T23:59:03.369Z,56,2012-12-24T21:01:59.261Z,12,SID,206826743,https://randomuser.me/api/portraits/women/52.jpg,https://randomuser.me/api/portraits/med/women/52.jpg,https://randomuser.me/api/portraits/thumb/women/52.jpg
female,erin.may@example.com,(787) 690-0648,(876) 469-7574,US,Mrs,Erin,May,9024,James St,Forney,Arizona,United States,99058,-32.2775,152.7814,+9:00,"Tokyo, Seoul, Osaka, Sapporo, Yakutsk",9e0aa6fb-b4df-4462-8140-51158290af5e,smallkoala434,punkrock,5ApFiGmC,6c2bfdee8953d26e61918ef390f39bad,48d84184ebe8c9077b9b741586d97c4b3ede837f,2dbd963101383084357b507f8e769075fdc702f1dde58e898e2514c55f0c643c,1962-09-03T19:30:04.191Z,62,2019-10-24T15:21:47.684Z,5,SSN,128-66-2914,https://randomuser.me/api/portraits/women/14.jpg,https://randomuser.me/api/portraits/med/women/14.jpg,https://randomuser.me/api/portraits/thumb/women/14.jpg
male,jonas.jensen@example.com,21830186,22232810,DK,Mr,Jonas,Jensen,629,Hasselvej,Argerskov,Hovedstaden,Denmark,94267,-20.2159,-9.1044,+4:30,Kabul,f2dbb387-0572-459c-97a0-cca6fc1d1a63,goldenleopard751,1002,Kkbs7ifI,214de3c6034442a1afe03d48d9901913,fc5e95e7e9f645e79f2abc9d84d4a0531ead9a5a,3fea61bd74c14446473f02ed42b93dc9a4d7b03a488e9a18ed8db15abd52e9e2,1973-11-14T14:28:17.239Z,51,2003-09-01T20:17:33.989Z,21,CPR,141173-7823,https://randomuser.me/api/portraits/men/20.jpg,https://randomuser.me/api/portraits/med/men/20.jpg,https://randomuser.me/api/portraits/thumb/men/20.jpg
female,fatma.cevik@example.com,(076)-777-8651,(197)-687-9007,TR,Mrs,Fatma,Çevik,9400,Atatürk Sk,Tunceli,Çankırı,Turkey,36983,-29.0115,150.3420,-11:00,"Midway Island, Samoa",613255ea-7cc4-4b11-b83f-ff034c742622,orangegorilla151,1919,HIAL8Cgd,d7858f72f76c67169db0aceb5fdc1b96,576b7048ea5d029237288f3036a970d233435f02,5d622aa2bac6901dd6720d0b5d07659c474280a534d9211156b6fad57ebf8633,1974-06-13T07:13:55.854Z,51,2013-11-08T16:34:36.361Z,11,,,https://randomuser.me/api/portraits/women/7.jpg,https://randomuser.me/api/portraits/med/women/7.jpg,https://randomuser.me/api/portraits/thumb/women/7.jpg
female,galina.subasic@example.com,034-4801-939,064-9215-857,RS,Ms,Galina,Subašić,5564,Kestenova,Sremska Mitrovica,Toplica,Serbia,79354,-26.8251,-177.0137,-3:30,Newfoundland,6a47ec5f-4094-4971-b3d1-b9b219228041,heavytiger672,figure,UcQl2Lhv,2c0962cc685d9927874bc4c7ef217971,94b992681a30e75b5aa932a60955978b03f0c5cd,3c83fcafa206e23bcefe16a9fcfc60f976a86cbb367f37fefaaa2f6ab7eee69a,1959-03-20T15:23:38.809Z,66,2003-03-14T20:56:48.501Z,22,SID,107852180,https://randomuser.me/api/portraits/women/57.jpg,https://randomuser.me/api/portraits/med/women/57.jpg,https://randomuser.me/api/portraits/thumb/women/57.jpg
male,magnus.johansen@example.com,62210348,38570416,DK,Mr,Magnus,Johansen,4211,Humlevænget,Kvistgaard,Hovedstaden,Denmark,82821,-21.1603,-140.2806,+5:30,"Bombay, Calcutta, Madras, New Delhi",f881c2e1-bc1f-47c5-b6b5-2be4783b9d83,silvergorilla498,darkman,xbtUi4Kl,4528891224471539924b2301cc6e077c,81982b36798b733980d7c2038b84e8cd64c58c26,159d6e9cf3ed764ef94367bbe94ef755031cbe325c8ec2522172bb199b35450f,1955-09-10T13:12:11.280Z,69,2011-02-21T06:22:12.576Z,14,CPR,100955-8908,https://randomuser.me/api/portraits/men/69.jpg,https://randomuser.me/api/portraits/med/men/69.jpg,https://randomuser.me/api/portraits/thumb/men/69.jpg
male,ostoja.smiljanic@example.com,030-7300-197,061-7627-825,RS,Mr,Ostoja,Smiljanić,1559,Janka Đurđevića ,Surdulica,Pomoravlje,Serbia,25195,-18.8084,-72.6121,+3:30,Tehran,b75ec080-e712-449c-8204-e9592b4dda5d,silverbird846,2828,RWkZc8FU,2588474b576de35593811cff751a691d,83c22534713f5f9becc40ab80711a4fd2771fc93,3a2a0cd76f7a9377cac4382496d85e7bd2c19ffb37a5fb4ee877880ac25fc6a3,1986-06-25T15:42:42.576Z,39,2008-04-12T03:44:28.650Z,17,SID,949844952,https://randomuser.me/api/portraits/men/1.jpg,https://randomuser.me/api/portraits/med/men/1.jpg,https://randomuser.me/api/portraits/thumb/men/1.jpg
female,bratislava.divac@example.com,018-4391-154,066-0663-321,RS,Mrs,Bratislava,Divac,1350,Čitačka,Sremski Karlovci,Rasina,Serbia,75586,53.8712,-18.2713,-6:00,"Central Time (US & Canada), Mexico City",efd04606-583b-4f0f-9688-aa247cb896a2,ticklishpeacock880,karina,wok8YMHj,5f979d6199267566daedb8e95e368f16,83cce377ab35dac964e5cad2374d2c7eaf38ef64,3b12e3cc7e8109d6a54cef3d16e26e84bc41846209ae0b1845e2c21e55baffbf,1998-04-17T05:51:20.101Z,27,2015-02-27T23:40:30.812Z,10,SID,851937062,https://randomuser.me/api/portraits/women/66.jpg,https://randomuser.me/api/portraits/med/women/66.jpg,https://randomuser.me/api/portraits/thumb/women/66.jpg
female,daphny.scholtes@example.com,(076) 0914651,(06) 15426681,NL,Miss,Daphny,Scholtes,6701,Huizerstraat,Maasniel,Noord-Brabant,Netherlands,9904 AQ,46.6762,-83.6940,+7:00,"Bangkok, Hanoi, Jakarta",39030ac3-ab76-4fe5-97ee-650fe6382837,greenleopard677,cartoon,kNKh450A,883f112501910c11ead6b28fd12bec10,f5f1df636ba6752d9890f908352793e57de4bc72,d56f99bc79d493710ba13f8f628ad2dd437ea590517b8128b43be080c3c88780,2000-01-31T08:17:47.512Z,25,2012-02-15T00:28:31.696Z,13,BSN,50514585,https://randomuser.me/api/portraits/women/78.jpg,https://randomuser.me/api/portraits/med/women/78.jpg,https://randomuser.me/api/portraits/thumb/women/78.jpg
female,justine.wilson@example.com,M39 A99-2801,E06 O39-5756,CA,Mrs,Justine,Wilson,6961,Dieppe Ave,Notre Dame de Lourdes,Québec,Canada,I6K 8Y6,39.7774,110.8685,-3:30,Newfoundland,755d2bdc-8f00-4a6d-9ca5-aeb8c724d994,happyzebra630,hal9000,o1DDy1ld,7e7963f18f0e99f515adbc54ed61324f,b35811e31d57fbdac56718aa6873f3db31795354,97225f3edd94463f2b2de2f7709bcc2b623b673946637ce29cc76e8a4b5706f4,1958-01-10T21:11:34.422Z,67,2017-12-31T02:21:19.802Z,7,SIN,655179125,https://randomuser.me/api/portraits/women/53.jpg,https://randomuser.me/api/portraits/med/women/53.jpg,https://randomuser.me/api/portraits/thumb/women/53.jpg
male,matthew.taylor@example.com,(114)-424-5660,(781)-553-0814,NZ,Mr,Matthew,Taylor,9591,Queen Street,Whangarei,Manawatu-Wanganui,New Zealand,66763,85.2890,-139.8831,+9:30,"Adelaide, Darwin",63463a14-15e9-4204-b218-058b81343d51,redladybug196,jiggaman,wqx9Ojxa,475d9623c1f6019de7c02309ece13b39,9a5e1479d1f21d2a7df8f1d1c0fae84a955010a4,f89932d59671aade17af05c5fd3043fb6eb44682fd850a50781aa7d83ec7e84b,1986-02-05T12:47:51.625Z,39,2014-12-29T20:48:57.596Z,10,,,https://randomuser.me/api/portraits/men/44.jpg,https://randomuser.me/api/portraits/med/men/44.jpg,https://randomuser.me/api/portraits/thumb/men/44.jpg
female,villemo.ulven@example.com,89818544,48524599,NO,Mrs,Villemo,Ulven,7859,Bergsalléen,Vingnes,Møre og Romsdal,Norway,3420,-70.3842,117.4989,+5:45,Kathmandu,a43354e1-0cd4-45db-ae60-f0c348869f71,goldenswan821,alberta,kVJV39BD,b225adf3e35bfbbb37e075e520c1d408,b49a71da2f3fa6b5ee6b1ac8a7ea60112b9fb0b9,96684ba09d6ba9e5445322ad826577cc437a95fcc25aca903bf4caf29224c630,1985-01-30T10:04:39.310Z,40,2004-03-09T17:41:17.255Z,21,FN,30018500619,https://randomuser.me/api/portraits/women/73.jpg,https://randomuser.me/api/portraits/med/women/73.jpg,https://randomuser.me/api/portraits/thumb/women/73.jpg
female,kubra.kirac@example.com,(448)-839-1237,(420)-319-8917,TR,Ms,Kübra,Kıraç,7379,Necatibey Cd,Zonguldak,Ankara,Turkey,33600,-80.5303,-171.6641,+5:45,Kathmandu,8608910c-acbc-4c98-b2ec-adbf10cdb4cf,browncat883,song,LQdfHtWG,3cb9ffea442bfeec821a528ea34027c4,600dd30e9b75b5fc5cbe7c974489ea65509e7d5c,e0a38eec8a6e72a8f77dad1453b4150b4ff8de84689deeac3e15fa7be82eacf7,1974-03-04T14:34:49.217Z,51,2003-04-07T00:49:03.717Z,22,,,https://randomuser.me/api/portraits/women/79.jpg,https://randomuser.me/api/portraits/med/women/79.jpg,https://randomuser.me/api/portraits/thumb/women/79.jpg
female,medorada.mahinya@example.com,(097) K88-2895,(066) Z29-4749,UA,Ms,Medorada,Mahinya,8190,Volodimirskiy uzviz,Skole,Zaporizka,Ukraine,86786,-34.6389,20.3059,+9:00,"Tokyo, Seoul, Osaka, Sapporo, Yakutsk",5cecc0a3-d915-457e-a409-b77e02e4f7f3,goldentiger677,hotlips,YTJG2AEz,655cab9b63b8020d7282bed4c0f18a44,cd0191acdae76f64754dad5fcdafb568d4b35280,7e7a91edf1255e9d44127739cda12c670c87262fd4b9191cc1498f091784e8db,1993-03-09T19:57:13.897Z,32,2022-04-03T06:20:36.253Z,3,,,https://randomuser.me/api/portraits/women/14.jpg,https://randomuser.me/api/portraits/med/women/14.jpg,https://randomuser.me/api/portraits/thumb/women/14.jpg
male,anton.christensen@example.com,22295130,48459365,DK,Mr,Anton,Christensen,6529,Engtoften,Fredeikssund,Danmark,Denmark,49884,-69.7928,26.7633,+11:00,"Magadan, Solomon Islands, New Caledonia",d8c20cd8-42e0-4408-8b65-63c505b2e924,sadwolf908,hurley,dBggxw7T,5eb5b0bc2723367666fed44bdc0c3aad,4138121dfe447753512a0dcee70863a477c25ceb,96c47e130a0d46d1d687170e71f14bf10d768b7a144a337c04d28030502d49ab,1946-06-21T01:07:29.465Z,79,2006-11-16T07:14:02.006Z,18,CPR,200646-7083,https://randomuser.me/api/portraits/men/56.jpg,https://randomuser.me/api/portraits/med/men/56.jpg,https://randomuser.me/api/portraits/thumb/men/56.jpg
male,diego.noel@example.com,03-87-63-51-02,06-22-55-27-47,FR,Mr,Diego,Noel,6378,Avenue Jean-Jaurès,Marseille,Loir-et-Cher,France,93611,49.3344,-40.3754,-1:00,"Azores, Cape Verde Islands",737ba342-056e-46d8-b072-adf1dd39b925,whiteswan329,pepsi1,6coESznM,191cc82926be84cf88f9e8d59c3a7c9e,9ede42a24aff3132148fa368d3c726057846f917,6bc18bd322d6e154d89f9e2de3466b82d675253c96b676ff58da7322dccbc238,1983-06-05T11:54:59.202Z,42,2016-12-01T14:20:43.775Z,8,INSEE,1830552086197 27,https://randomuser.me/api/portraits/men/68.jpg,https://randomuser.me/api/portraits/med/men/68.jpg,https://randomuser.me/api/portraits/thumb/men/68.jpg
male,stanko.katanic@example.com,033-3394-876,061-1029-821,RS,Mr,Stanko,Katanić,3662,Plešinska,Niš,Raška,Serbia,39999,56.5145,26.7502,-11:00,"Midway Island, Samoa",2bc2d0f8-c0c0-4db4-8d0c-4012fb1ba3bc,bigkoala280,lang,yrysXnOh,087166cf26609c72be2b1c54f852ab17,2a7a0e073101d255c5bc4ce178d54344dd00d852,9a28ee556a904b1a85dd2d2679336fafec65293efb49fb2046798f0d0a308bfe,2000-07-11T14:12:03.252Z,25,2021-08-07T14:18:17.524Z,3,SID,320393644,https://randomuser.me/api/portraits/men/81.jpg,https://randomuser.me/api/portraits/med/men/81.jpg,https://randomuser.me/api/portraits/thumb/men/81.jpg
female,mariadelcarmen.carrasco@example.com,(681) 932 0172,(690) 551 5703,MX,Miss,María del Carmen,Carrasco,7922,Andador Coahuila de Zaragoza,Tayoltita,Morelos,Mexico,93179,-43.3819,25.6819,-3:30,Newfoundland,f6fc67f9-4da2-4193-a2cb-b532fc9828db,orangepanda613,witch,gnjxAury,1b84c38c26dbd38ca36b9a19e4f84c71,09db67b171d29b9d01e42abdcca0926899eeba81,64eb3bfb119678292e43ff2f99e8fd9e1aa5a195ff12270f4a74b42899532879,1947-05-08T03:25:37.181Z,78,2019-10-29T07:45:48.394Z,5,NSS,27 16 06 8184 8,https://randomuser.me/api/portraits/women/62.jpg,https://randomuser.me/api/portraits/med/women/62.jpg,https://randomuser.me/api/portraits/thumb/women/62.jpg
male,adrian.lucas@example.com,015396 39185,07411 147023,GB,Mr,Adrian,Lucas,165,Chester Road,Carlisle,Essex,United Kingdom,PB5 4UH,66.0716,160.2430,-8:00,Pacific Time (US & Canada),aa3d75f2-187a-41a9-9532-d92f5b0a4aa3,blueladybug781,spread,muVQEDxg,5e92c406e2760504f66326c07e355244,3d5b288c95a233d62c9c70cd9e1088661ea86f8c,16f10da19d12ac763b92eb22443856509e6d0c1059e1777ea8e69d81c86dd4c1,1957-10-10T01:10:08.075Z,67,2002-06-17T19:04:47.688Z,23,NINO,OG 26 76 47 X,https://randomuser.me/api/portraits/men/87.jpg,https://randomuser.me/api/portraits/med/men/87.jpg,https://randomuser.me/api/portraits/thumb/men/87.jpg
female,carolina.bravo@example.com,964-292-967,636-536-406,ES,Ms,Carolina,Bravo,9005,Ronda de Toledo,Fuenlabrada,Galicia,Spain,16427,21.8831,-160.9902,+6:00,"Almaty, Dhaka, Colombo",dac8852a-92ee-4f63-98af-7cba1f27a823,blackbird257,dealer,Y10vBuHr,a87965ef0b31b08d306b5aa7a538513d,63ca1efbab280c9181c828e6651fd7bcd1e30dbb,2d1758ec22a949411a8a14f075505519e0f05c6986d1f2cee49206d28e5e9673,1970-10-23T11:34:41.785Z,54,2013-04-30T07:41:22.256Z,12,DNI,40972839-U,https://randomuser.me/api/portraits/women/34.jpg,https://randomuser.me/api/portraits/med/women/34.jpg,https://randomuser.me/api/portraits/thumb/women/34.jpg
male,sebastian.moller@example.com,40575050,07667721,DK,Mr,Sebastian,Møller,9847,Rosenhaven,Vipperød,Nordjylland,Denmark,43637,-12.1072,73.4051,-8:00,Pacific Time (US & Canada),6ce78122-974a-4bd3-9082-79d8ff06092e,silversnake899,alex,HhUm16a2,8ec4dfce284a56edfbce9bdee86bc21b,7c751a507cda912d66ff5ac389291ad5db1049e0,c9cf9d87909af32f15d9545fa7351f1eaa35d6091608cdafaf320e3a96658a83,1962-05-22T03:59:48.473Z,63,2012-04-28T07:23:27.189Z,13,CPR,210562-0999,https://randomuser.me/api/portraits/men/96.jpg,https://randomuser.me/api/portraits/med/men/96.jpg,https://randomuser.me/api/portraits/thumb/men/96.jpg
female,helmi.tanner@example.com,05-948-512,049-749-30-77,FI,Mrs,Helmi,Tanner,3062,Rotuaari,Savitaipale,Kymenlaakso,Finland,42101,26.1405,169.3363,-6:00,"Central Time (US & Canada), Mexico City",85b69c93-d776-4d20-a6f9-3c875e0ff4e1,orangeduck928,razor,CsBOZZ0U,be92065c94b4873dbd2622930c9f69ed,faf03574974e51b40cca179357d958b816ecb5ea,ee6490b2eebdee6dee342e17024d1705c016fcd27b256f53320c2210ef92c57a,1995-03-06T07:57:54.504Z,30,2017-02-03T23:21:36.598Z,8,HETU,NaNNA842undefined,https://randomuser.me/api/portraits/women/8.jpg,https://randomuser.me/api/portraits/med/women/8.jpg,https://randomuser.me/api/portraits/thumb/women/8.jpg
female,erika.robertson@example.com,(966) 967-2352,(863) 614-7037,US,Miss,Erika,Robertson,3089,Dogwood Ave,Fairfield,Virginia,United States,72539,-56.6355,-115.3503,+6:00,"Almaty, Dhaka, Colombo",1985f8b9-ab98-41cf-9395-b6dfac0baefb,ticklishladybug427,montreal,WoR2n49j,d4079f3181d8dd86ee876ce88b4e5d4c,ec3a5ddfe1efd8faf256017b288205f4bff37d7e,8971a27c63e4c10408d4a658f6b8239d1f7ed4391af5d9ce863428504d8334c1,1950-08-14T06:17:50.802Z,74,2011-01-26T16:44:35.133Z,14,SSN,673-69-2713,https://randomuser.me/api/portraits/women/15.jpg,https://randomuser.me/api/portraits/med/women/15.jpg,https://randomuser.me/api/portraits/thumb/women/15.jpg
female,andrea.larsen@example.com,95451686,90924201,DK,Mrs,Andrea,Larsen,6155,Baunevej,Roedovre,Syddanmark,Denmark,88957,85.2207,-57.2578,+9:30,"Adelaide, Darwin",a546fa26-07b7-41ba-b227-73789a0bd289,angrymouse886,teenage,skyjg93L,c8e10faa35f6c1097cadf032eeb6e174,19ceaaa4e79d7095b706d2da9f1b237522ba768e,c0ad11e30a982249d5aad4b278908f87c141579759802c3cb770b864339a2315,1946-12-25T17:56:05.569Z,78,2017-07-29T03:36:20.291Z,7,CPR,251246-3643,https://randomuser.me/api/portraits/women/89.jpg,https://randomuser.me/api/portraits/med/women/89.jpg,https://randomuser.me/api/portraits/thumb/women/89.jpg
female,maeva.garcia@example.com,078 809 77 18,078 230 19 84,CH,Madame,Maeva,Garcia,8495,Place des 44 Enfants D'Izieu,Orsières,Appenzell Ausserrhoden,Switzerland,1116,-29.4013,-153.0805,-3:30,Newfoundland,d27bafe7-cc0f-46e2-89ce-f7715ecb1cdf,silverlion139,sally,Z3fBc7II,3c395a2da72b0cceb12390004511479a,fccc83d59396f26a696f92d08ac244b92f05f1be,6192667291c8d31dc7745f3425d0165690b8f8a53f359252911958a24c92337c,1944-09-11T07:44:45.879Z,80,2009-11-19T00:18:43.786Z,15,AVS,756.2566.2841.23,https://randomuser.me/api/portraits/women/65.jpg,https://randomuser.me/api/portraits/med/women/65.jpg,https://randomuser.me/api/portraits/thumb/women/65.jpg
male,gabriel.roy@example.com,F49 Q64-6288,X15 X10-6151,CA,Mr,Gabriel,Roy,6317,Simcoe St,Woodstock,Newfoundland and Labrador,Canada,F3W 8V6,66.4458,-142.3346,+5:45,Kathmandu,e8773d83-69fe-4f5e-a88f-bb8d149a0185,purpledog957,overlord,sk2d9TMi,881bf6c7a483a80ee7a430b4eaa6dea9,5c06bd78152fe7967f4ed51292c1af63b57fb109,a0477e610f6531691a06392d825d492d807fbf6ecb73a22432d0944f1cd6e9b2,1981-08-16T14:25:12.634Z,43,2018-06-14T20:08:30.215Z,7,SIN,948208822,https://randomuser.me/api/portraits/men/88.jpg,https://randomuser.me/api/portraits/med/men/88.jpg,https://randomuser.me/api/portraits/thumb/men/88.jpg
male,aleksi.wuollet@example.com,06-929-357,044-205-50-80,FI,Mr,Aleksi,Wuollet,4772,Otavalankatu,Karstula,Lapland,Finland,70490,51.9254,10.5182,+6:00,"Almaty, Dhaka, Colombo",d32d80d7-7ee6-4f14-9b74-143ecf2beb88,orangeleopard136,gustav,EDVYF9BX,76a0e657a1192fc811854ea89b70638f,5d66dad013469bd6ebdb8a1355c16552fa38c1b6,f32f0c84a68f1071748a4633c5d128083756b1aa52254b82f31cffc6a2c69528,1980-05-19T15:02:31.200Z,45,2003-06-22T19:32:45.332Z,22,HETU,NaNNA361undefined,https://randomuser.me/api/portraits/men/45.jpg,https://randomuser.me/api/portraits/med/men/45.jpg,https://randomuser.me/api/portraits/thumb/men/45.jpg
female,hetal.fernandes@example.com,8643190284,8799892835,IN,Miss,Hetal,Fernandes,1683,S.A Rd,Tadipatri,Rajasthan,India,92609,62.8935,132.7264,+9:00,"Tokyo, Seoul, Osaka, Sapporo, Yakutsk",d2c5dcb9-8d67-4675-aadf-2a6cd4de91f4,smallostrich217,chuang,xshcyA7Y,aa164826a0b537cd3fc784ec18bf43bd,464913d01147a04f0c9f4fcd8b01e499c85c41f0,0586205affea0bd0d9eac5b7d98c6f8ef392fa53af806224a2642ab508d70294,1969-03-03T12:19:17.416Z,56,2011-12-11T19:27:39.010Z,13,UIDAI,461632848552,https://randomuser.me/api/portraits/women/78.jpg,https://randomuser.me/api/portraits/med/women/78.jpg,https://randomuser.me/api/portraits/thumb/women/78.jpg
male,norman.carter@example.com,(457) 404-4754,(952) 394-9407,US,Mr,Norman,Carter,8441,Royal Ln,Mcallen,Vermont,United States,29077,74.8273,-9.6284,+11:00,"Magadan, Solomon Islands, New Caledonia",b7e4711f-a230-4706-9165-fb7bee038443,greenfrog864,tiburon,qQgvy11U,e1c2a7065087f442ba3d77c9d437e7f2,44aefcd093935516799cfc397236065fc9eef363,e56eb0879de88be755308fd502fc6a4bdc829572c266c7c9c588f7b87ec7ba9e,1959-12-31T18:28:04.721Z,65,2008-01-15T01:58:38.529Z,17,SSN,414-51-0189,https://randomuser.me/api/portraits/men/69.jpg,https://randomuser.me/api/portraits/med/men/69.jpg,https://randomuser.me/api/portraits/thumb/men/69.jpg
female,natalka.antonec@example.com,(097) O77-7222,(066) Q06-6158,UA,Miss,Natalka,Antonec,4392,Sokilnicka,Armyansk,Zaporizka,Ukraine,74117,83.6209,35.9646,+6:00,"Almaty, Dhaka, Colombo",1506d78f-5a8b-41c5-a63c-6a178ee037b6,smalltiger495,wookie,6y1KZmDa,48e501739ef11012f63286a1699dc88b,f0cc0aa6ab2dfe65d5bf4b5a4076adea2f93e373,f66091ce77ec5f31d8add8409ccb6b3db9ad0a795a2b7fd70f2c785c6fbaeec8,1981-04-29T15:44:27.018Z,44,2009-02-10T11:47:44.207Z,16,,,https://randomuser.me/api/portraits/women/19.jpg,https://randomuser.me/api/portraits/med/women/19.jpg,https://randomuser.me/api/portraits/thumb/women/19.jpg
male,utkarsh.kini@example.com,8370828260,7355286741,IN,Mr,Utkarsh,Kini,6641,Pali Hill,Bokaro,Manipur,India,54235,-50.9345,44.3968,+5:45,Kathmandu,aed4aba9-dc95-4921-8438-93c6c941e92e,bluerabbit109,carpet,2WhY28JN,31cdeff3c120e6037b09520f10f35716,c247ee7396cd6efc7a9a22edb5dc75e53c5972b6,4da3aca2396aa4432b8e1bf61cac312f24491000661796f92f97a7ea8187aa86,1956-11-01T03:25:24.854Z,68,2007-06-24T23:57:57.062Z,18,UIDAI,819113356645,https://randomuser.me/api/portraits/men/29.jpg,https://randomuser.me/api/portraits/med/men/29.jpg,https://randomuser.me/api/portraits/thumb/men/29.jpg
male,amador.vasquez@example.com,(644) 634 2679,(635) 425 0220,MX,Mr,Amador,Vásquez,1706,Continuación China,Calzada del Tepozán,Morelos,Mexico,17812,50.4170,121.4798,-10:00,Hawaii,1c405a8b-5646-44c3-a181-73ffde466e7d,beautifulleopard230,23skidoo,9IpotUI8,7be0f377325415af3f2b3607d7417e26,8ba8a2fa50e524b4d88a0e348ca6e1802b03b416,e2c2ed2c51d872d12357892b734ac4274a86bdf297744ab1168e21d56d85da36,1989-04-24T11:42:44.426Z,36,2015-04-07T13:23:18.800Z,10,NSS,21 47 41 2410 9,https://randomuser.me/api/portraits/men/7.jpg,https://randomuser.me/api/portraits/med/men/7.jpg,https://randomuser.me/api/portraits/thumb/men/7.jpg
female,awyn.hmdy@example.com,056-92712816,0978-528-9443,IR,Mrs,آوین,احمدی,8236,میدان سلماس,بوشهر,زنجان,Iran,72105,37.1540,52.7663,-8:00,Pacific Time (US & Canada),2214fd42-5406-4e5a-a7a8-a225c0d8e132,happybear327,222333,36BeQHI4,3120fa83bfefea38f77e485508ea273d,1377b5345c1eb64d71ac1c8522390a5c67179a06,adf8252e982c6ad75f55d24e0ac318a74eeebca896603c2f14ae44f7ab4faf32,1947-05-27T15:26:44.360Z,78,2008-07-05T03:44:16.945Z,17,,,https://randomuser.me/api/portraits/women/24.jpg,https://randomuser.me/api/portraits/med/women/24.jpg,https://randomuser.me/api/portraits/thumb/women/24.jpg
male,matthew.roberts@example.com,(276)-205-2447,(317)-030-0250,NZ,Mr,Matthew,Roberts,4671,Lunn Avenue,New Plymouth,Hawke'S Bay,New Zealand,33698,-21.9701,-23.8774,+8:00,"Beijing, Perth, Singapore, Hong Kong",546f8b90-dad2-4f54-83b3-e18828b054c1,organicrabbit327,chuck1,X73NpxRr,39a6fc90a07446fb0a3a694f3b29dfe6,ecb59770810359c0177b703f51c42ada8eff6607,bff26cf463a839ad9eeeb1791998f1c52343bafa5d92faa5873590b1e1dfd377,1945-07-21T01:33:22.095Z,79,2006-04-17T16:40:52.999Z,19,,,https://randomuser.me/api/portraits/men/93.jpg,https://randomuser.me/api/portraits/med/men/93.jpg,https://randomuser.me/api/portraits/thumb/men/93.jpg
female,becky.stone@example.com,021-048-9406,081-830-5748,IE,Mrs,Becky,Stone,881,High Street,Dublin,Kildare,Ireland,81783,19.9483,-168.4534,+9:30,"Adelaide, Darwin",ae2d7d73-0820-4135-935c-a7751d27c30d,tinyfrog740,bangbang,UhuvVsfG,3412aa53ce5b515952d915ee94e99c7f,f48834cf616728cea26bb447efc15a38955df63d,d1f3eca7df52bc4c0404ea79b15fe0c2f1e85a01896a285a4e2009052889b477,1947-11-21T11:29:38.265Z,77,2012-01-25T00:28:13.239Z,13,PPS,1314426T,https://randomuser.me/api/portraits/women/77.jpg,https://randomuser.me/api/portraits/med/women/77.jpg,https://randomuser.me/api/portraits/thumb/women/77.jpg
female,cherly.bennett@example.com,05-8744-6175,0434-635-922,AU,Mrs,Cherly,Bennett,3912,Valwood Pkwy,Geraldton,New South Wales,Australia,3614,40.8805,-34.6740,+2:00,"Kaliningrad, South Africa",b2d880b2-82ed-4358-8f64-6648bacc1404,heavyfish957,italia,8LNWlArl,cae1294afcb30a41709e7106fc31053b,42ce3e7c1299d7669fcc9c21e098447d856aed68,b77a6a0cc914363bda3c6c2e6c70723de75de71d9c4660b83182d00693510ade,1955-10-28T06:22:23.092Z,69,2013-10-21T15:48:45.093Z,11,TFN,795971698,https://randomuser.me/api/portraits/women/91.jpg,https://randomuser.me/api/portraits/med/women/91.jpg,https://randomuser.me/api/portraits/thumb/women/91.jpg
male,tony.leroux@example.com,079 464 85 90,076 998 32 06,CH,Monsieur,Tony,Leroux,9794,Rue du Moulin,Rümlingen,Zürich,Switzerland,6167,-1.3922,-105.1670,+7:00,"Bangkok, Hanoi, Jakarta",d727616c-cb9b-4a6b-897f-c66f2e9b9cd8,tinybutterfly589,brad,YJ5Jsfg8,24fa0846db9232f9d93513a4853cdd64,7e62c292bdd5709b712adafad0887e7afc66a6ac,261f9a51193bd44e9282fba3fdacf3552fe81ab9f0680dd4cc061d08a6e4238d,1972-10-17T05:11:00.048Z,52,2007-01-09T21:02:56.434Z,18,AVS,756.8490.0806.87,https://randomuser.me/api/portraits/men/10.jpg,https://randomuser.me/api/portraits/med/men/10.jpg,https://randomuser.me/api/portraits/thumb/men/10.jpg
male,daribog.domanickiy@example.com,(098) W46-0059,(068) Y14-6289,UA,Mr,Daribog,Domanickiy,2774,Kibenka,Debalceve,Zaporizka,Ukraine,39569,-68.3542,-121.8663,+8:00,"Beijing, Perth, Singapore, Hong Kong",105d9a44-36a8-47fc-b9f0-0fc009b113c4,yellowwolf279,sheba,iapX2vxj,2e9212fc23f2732b9c58c7e7ed284eed,224a892ec940db008c5658fd6a7a3e68beef5171,87319445bdbcbf43ab87b4c02f2befa769951491f7427f7efbb49b5fdb413924,1982-02-03T19:48:42.724Z,43,2005-11-21T07:12:43.041Z,19,,,https://randomuser.me/api/portraits/men/76.jpg,https://randomuser.me/api/portraits/med/men/76.jpg,https://randomuser.me/api/portraits/thumb/men/76.jpg
male,fatmir.morin@example.com,078 639 18 25,077 155 83 50,CH,Monsieur,Fatmir,Morin,9692,Rue Barrème,Schönenwerd,Bern,Switzerland,5049,47.9019,-73.1037,-12:00,"Eniwetok, Kwajalein",4a1cad4b-7722-427c-8368-0b6e9087c492,smallrabbit774,zhou,BsglCZUK,7ddc959517ce9152f9306417144e7a75,68b120e18b56a663e5587a2b4b70b6c9ac6e2602,46511fda5b78698670397bc880d75a635add3324f45652742d53c1f219c4fb20,1954-10-24T18:17:52.807Z,70,2011-12-29T10:39:31.611Z,13,AVS,756.8680.0634.39,https://randomuser.me/api/portraits/men/0.jpg,https://randomuser.me/api/portraits/med/men/0.jpg,https://randomuser.me/api/portraits/thumb/men/0.jpg
female,natalia.ramirez@example.com,925-028-596,689-368-235,ES,Ms,Natalia,Ramírez,8621,Calle de Ángel García,Lugo,Comunidad de Madrid,Spain,21709,37.6112,-18.8502,+2:00,"Kaliningrad, South Africa",90458d02-c7b5-49b8-a228-6b23934aca7c,bluebird209,bear1,WFSaVyjw,ea1cdad0efb6ca342feaf1145eb952d8,60e0c7a86913590124aeffd810e2f4bd03efd8bc,600151a59e791c8ed4282cc299a88d8ad3c962f56d82e470b46799706250d746,1989-01-02T07:43:54.965Z,36,2013-11-29T02:21:38.413Z,11,DNI,92647808-G,https://randomuser.me/api/portraits/women/53.jpg,https://randomuser.me/api/portraits/med/women/53.jpg,https://randomuser.me/api/portraits/thumb/women/53.jpg
female,alisha.lambert@example.com,077 555 55 82,077 028 50 16,CH,Madame,Alisha,Lambert,7861,Grande Rue,Senarclens,Obwalden,Switzerland,6618,75.0065,-75.1446,-3:00,"Brazil, Buenos Aires, Georgetown",e31bcef4-a1cd-4f57-9844-212785a63e4f,purpletiger211,deacon,qF47PfbV,1485eec4f898c6276a038abc7ae4b9ed,1ca7cdf3008848ece12598d646f4d2f5cd160c92,7144b355b4a7a54b2fee334008a51d8c7f8d5d503fdaeed75469cf092fd6bca9,1946-03-29T19:28:52.506Z,79,2009-11-05T13:55:56.186Z,15,AVS,756.5858.0484.21,https://randomuser.me/api/portraits/women/74.jpg,https://randomuser.me/api/portraits/med/women/74.jpg,https://randomuser.me/api/portraits/thumb/women/74.jpg
male,koray.durak@example.com,(817)-765-9160,(108)-416-8558,TR,Mr,Koray,Durak,828,Necatibey Cd,Van,Konya,Turkey,42491,19.7345,87.2030,-3:30,Newfoundland,5a96a61a-61fc-43d5-ac37-d92faf8581b3,blackmouse158,liverpoo,0XplUU4c,d024607d82c94e1872013db23f0f30ef,d2462c84d0227ec10cebc6dc3c1c67417febaae7,08f1af12dc2cf39f757e635c295f809dae18d40b03c842275d8fbb416baed1ba,1967-02-19T04:09:17.463Z,58,2010-04-28T14:00:40.083Z,15,,,https://randomuser.me/api/portraits/men/7.jpg,https://randomuser.me/api/portraits/med/men/7.jpg,https://randomuser.me/api/portraits/thumb/men/7.jpg
male,albert.hansen@example.com,54884944,11264591,DK,Mr,Albert,Hansen,1465,Gammel Skolevej,Horsens,Sjælland,Denmark,29098,62.2545,152.5386,-9:00,Alaska,0d1cde58-f618-4b81-800b-bacb420fef5f,crazymouse558,predator,DAiG6xvB,79d0149401854ced75443c6a917c7b7a,f0eae64e0419efdb3c5fe809c0f7022776460b86,60c7aa01cd14438fd2bc5e6f08506eaaa771cbd3cae3758409dc0b25d126d519,1979-10-27T14:27:18.197Z,45,2015-02-28T03:53:29.423Z,10,CPR,271079-8770,https://randomuser.me/api/portraits/men/81.jpg,https://randomuser.me/api/portraits/med/men/81.jpg,https://randomuser.me/api/portraits/thumb/men/81.jpg
female,anieke.tobben@example.com,(028) 5550295,(06) 63552999,NL,Miss,Anieke,Tobben,5323,Bloemveldlaan,Peel en Maas,Drenthe,Netherlands,8475 TR,-36.6003,138.8564,-9:00,Alaska,834bc457-47ad-4dfb-b83e-eb16e6d814fb,orangedog155,hawkeyes,JJDqstJl,125b8ca049975e0e6e041d19679d66fb,ca22622071e56e1796e30bdc96341a612cf1d912,a849fef5395a765f7935672f7680228f592ae341a4a64b299de8e42d232a5e37,1948-12-18T19:37:03.569Z,76,2004-08-10T12:44:05.332Z,20,BSN,36361954,https://randomuser.me/api/portraits/women/89.jpg,https://randomuser.me/api/portraits/med/women/89.jpg,https://randomuser.me/api/portraits/thumb/women/89.jpg
female,alissa.barbier@example.com,076 803 61 65,077 504 15 88,CH,Mademoiselle,Alissa,Barbier,2744,Rue Barrier,Rue,Glarus,Switzerland,4098,-12.6795,152.6229,+4:30,Kabul,51ccc73f-f5c1-4c42-8ebc-3bd3ef29d751,brownbear354,delphi,P6LbjdW6,4a90d98167b6fc77def1a981637027de,753e87a33537830b4714d78d8430f3dc700551c4,400264b4874192d3b4ef3ebf60acecd0d0a5a24a3346ca462ac612ecc8eb4955,1983-09-06T17:41:23.222Z,41,2015-11-20T20:32:00.306Z,9,AVS,756.3136.0829.32,https://randomuser.me/api/portraits/women/37.jpg,https://randomuser.me/api/portraits/med/women/37.jpg,https://randomuser.me/api/portraits/thumb/women/37.jpg
female,svyatolyuba.dobrilovskiy@example.com,(096) F69-3167,(068) L81-2550,UA,Mrs,Svyatolyuba,Dobrilovskiy,1759,Bogorodicka,Zalishchiki,Mikolayivska,Ukraine,24030,-11.0139,-120.7945,+10:00,"Eastern Australia, Guam, Vladivostok",ebafab34-94da-4592-bb15-bac5af3c264c,beautifulcat287,dell,1Vt3gXyx,5c679b6a7dfd92d21ed7c176c7b5d7ea,8219549825696acd543c4765041850203c63c793,8eac3c0e2954563cb07092d6ce3273621031f86249e792eedb86e2dcd14dc475,1980-09-02T19:04:53.009Z,44,2002-09-16T14:07:37.614Z,22,,,https://randomuser.me/api/portraits/women/19.jpg,https://randomuser.me/api/portraits/med/women/19.jpg,https://randomuser.me/api/portraits/thumb/women/19.jpg
male,herbert.butler@example.com,016973 69441,07667 026686,GB,Mr,Herbert,Butler,7207,The Grove,Oxford,Gloucestershire,United Kingdom,EM9Q 1WE,-75.1535,-20.4533,-2:00,Mid-Atlantic,8e90ade4-2621-4fd9-a0ad-0cef8782adae,lazysnake410,john316,ugv5y2Cw,5429ec86e165d3510735cd64a69c3093,981a08c899a24ed250f15aa8b5548ec5733fabd2,18841e5362a99e0de16c91ae77dd7b8a4088203ab57b5b306665858e25cd6751,1950-08-06T08:46:26.111Z,74,2020-10-07T00:56:17.247Z,4,NINO,OM 17 73 63 R,https://randomuser.me/api/portraits/men/65.jpg,https://randomuser.me/api/portraits/med/men/65.jpg,https://randomuser.me/api/portraits/thumb/men/65.jpg
male,chakradev.kini@example.com,8316014046,8754635574,IN,Mr,Chakradev,Kini,3457,College St,Karawal Nagar,Mizoram,India,45842,-88.3652,151.4037,+9:00,"Tokyo, Seoul, Osaka, Sapporo, Yakutsk",463025a7-5289-4555-94a0-2de160e88cc9,organicbird919,donald,wifllgJo,c0aaf50fb66d96f26a7f3384ac319086,a788e84ad62b24f39f4dd28826a88bb0d5d92677,ff36f4020a11e7f768ce49b3b43a07aae69185ff466b987c7013dbe636d3d49a,1964-08-13T11:00:03.114Z,60,2013-07-03T03:52:08.196Z,12,UIDAI,984210698860,https://randomuser.me/api/portraits/men/80.jpg,https://randomuser.me/api/portraits/med/men/80.jpg,https://randomuser.me/api/portraits/thumb/men/80.jpg
female,letitia.chambers@example.com,(672) 866-5298,(766) 872-2339,US,Miss,Letitia,Chambers,9835,Taylor St,Clarksville,Arizona,United States,38437,-82.1869,-179.7121,0:00,"Western Europe Time, London, Lisbon, Casablanca",6a80ae1f-cc2d-4a45-91fe-638bb3d72352,smallostrich122,water,phOWmoYl,d7e8c25fcf32626756d1557334ceb3bb,32d1dddfb1df3377a47334fe93320e2a5968cb8f,3cba8bbb2ca763755cc634bd095648b98adced6598e470f8e4b0d17523281554,1960-02-23T05:12:49.758Z,65,2013-01-17T20:09:34.733Z,12,SSN,019-69-8920,https://randomuser.me/api/portraits/women/3.jpg,https://randomuser.me/api/portraits/med/women/3.jpg,https://randomuser.me/api/portraits/thumb/women/3.jpg
male,blake.roy@example.com,F50 Q40-6422,T85 Z36-0762,CA,Mr,Blake,Roy,923,Argyle St,New Glasgow,Newfoundland and Labrador,Canada,F1U 7E6,-46.1730,-48.0040,+7:00,"Bangkok, Hanoi, Jakarta",ccadf534-2d0f-4b92-a93f-ace37eaa793d,purpledog527,splash,HS5oayW8,51b50261ffb373befeca715a8dad5e78,348ed96eb70ae700e03a550331c071ce5362f091,c4a5b1fc3d8c3087bf9fc5f8c251f3f838ccbc8321ac4b62cebedc6d4b86269e,1993-07-17T00:53:05.256Z,32,2002-12-25T07:43:39.408Z,22,SIN,851092718,https://randomuser.me/api/portraits/men/7.jpg,https://randomuser.me/api/portraits/med/men/7.jpg,https://randomuser.me/api/portraits/thumb/men/7.jpg
female,gzl.rdyy@example.com,005-37228610,0988-581-4727,IR,Miss,غزل,رضایی,6228,پارک لاله,بیرجند,ایلام,Iran,20910,61.6861,140.3818,-3:30,Newfoundland,29e11a18-23c8-4b73-af4f-5b6f6fa6d72e,sadkoala490,catcat,BRgVYgat,8b0e022106425ba92f07a4bf468e0e3b,b59cb0b5b2b5fd6e7888f462c3e035c44c10c9de,ab386f2dcf9c00c6e257b31465514791b257b593b81c7686e3427f345cb68f4c,1951-09-13T14:36:09.826Z,73,2022-04-03T20:50:25.077Z,3,,,https://randomuser.me/api/portraits/women/5.jpg,https://randomuser.me/api/portraits/med/women/5.jpg,https://randomuser.me/api/portraits/thumb/women/5.jpg
male,pascual.saldivar@example.com,(646) 102 8559,(633) 404 5336,MX,Mr,Pascual,Saldivar,5528,Peatonal Chihuahua,Huayacocotla,Durango,Mexico,27079,-7.5769,145.3395,-2:00,Mid-Atlantic,1295d83a-7569-4eb0-8086-e789f2f22a61,greenlion967,business,qfso03hE,5e7e0aa419cfdec997a7dee84e6508f3,807d1161b060cc26f269ea11855ab8d81ac539a9,2450dd6e46f82ffe329476a58c0018d7b86482ffe89c6fe7a83d1454a3ef9c22,1997-07-04T19:34:05.090Z,28,2009-02-25T15:38:17.064Z,16,NSS,73 17 09 8839 5,https://randomuser.me/api/portraits/men/53.jpg,https://randomuser.me/api/portraits/med/men/53.jpg,https://randomuser.me/api/portraits/thumb/men/53.jpg
female,silje.andersen@example.com,90257812,45018822,DK,Ms,Silje,Andersen,6535,Nyborgvej,København Sv,Nordjylland,Denmark,44290,44.1019,127.8913,-9:00,Alaska,9b5b9bf7-d30d-4d43-b5ed-d9501fc7844a,greenbird503,gangster,i8YLQQhM,71921f664309b5e9abce391b7cd9f1d3,9e5024c5225ba6938edcc788b8acc42af0e5c039,6b4c0f5c8838859153fcedbec5150fc4188d303a39c034ed23eb583fc2dca62b,1948-05-03T12:59:49.572Z,77,2015-01-11T03:02:46.176Z,10,CPR,030548-4303,https://randomuser.me/api/portraits/women/91.jpg,https://randomuser.me/api/portraits/med/women/91.jpg,https://randomuser.me/api/portraits/thumb/women/91.jpg
male,stephane.lopez@example.com,078 930 18 46,078 123 08 57,CH,Monsieur,Stéphane,Lopez,6473,Rue Courbet,Vernier,Ticino,Switzerland,9787,-1.9968,-6.0183,+8:00,"Beijing, Perth, Singapore, Hong Kong",cd8f7c68-80a0-479e-bf58-b630880d0691,organickoala369,listen,Pelqq5KR,bc11ee57db1fff1cd09546b7d7152581,ee88a59fb5b32ee030cea37a9d27df6ec87f0b9a,39c918c45764f8c8d3669ccdd6932765e02089d9674fca43ce5c6dfed9c6c181,1993-03-06T23:47:15.015Z,32,2021-11-08T22:41:26.093Z,3,AVS,756.3818.8934.32,https://randomuser.me/api/portraits/men/8.jpg,https://randomuser.me/api/portraits/med/men/8.jpg,https://randomuser.me/api/portraits/thumb/men/8.jpg
male,chatura.sheikh@example.com,8311521708,8992436779,IN,Mr,Chatura,Sheikh,7938,Kasba Peth,Rajpur Sonarpur,Lakshadweep,India,14716,12.8542,137.8203,+8:00,"Beijing, Perth, Singapore, Hong Kong",445e2cec-e641-4066-bd3c-a267c6a752f0,heavyduck878,punkrock,xAYcUOqk,066e891d68283d7d1c7f8b4069b124ab,0cb50dc71bfcd7e11ba592fe959127416c09881b,bd712f6d3cd5dcb728e5db0510a8c40f6d22721b5f84d2e5f6dfd2ba0bb78c82,1999-04-26T03:25:39.371Z,26,2018-04-19T11:31:29.549Z,7,UIDAI,142738388912,https://randomuser.me/api/portraits/men/9.jpg,https://randomuser.me/api/portraits/med/men/9.jpg,https://randomuser.me/api/portraits/thumb/men/9.jpg
female,phyllis.flores@example.com,01-5313-0099,0495-271-374,AU,Mrs,Phyllis,Flores,5792,Lone Wolf Trail,Port Macquarie,Victoria,Australia,4283,-53.6902,126.9411,+3:00,"Baghdad, Riyadh, Moscow, St. Petersburg",69befcf3-d687-4a29-93d7-d983f5b2fdb8,smallswan564,maggie,wvbhDfgs,6c75bd7dc2eb0b32b9fd4baa119a2862,6933c99bb39dc75f12efa2bafab12525c304a6d4,1c45a18e1525a6672554ec172e31876d13a8193d0a6b8c0665c9159d76f7b6ca,1984-05-25T04:17:26.278Z,41,2010-02-02T05:01:25.611Z,15,TFN,629375130,https://randomuser.me/api/portraits/women/85.jpg,https://randomuser.me/api/portraits/med/women/85.jpg,https://randomuser.me/api/portraits/thumb/women/85.jpg
male,hudan.klyuchko@example.com,(099) C88-7537,(098) Y69-3177,UA,Mr,Hudan,Klyuchko,6255,Naberezhne shose,Pervomaysk,Volinska,Ukraine,51217,68.6021,-103.6919,+8:00,"Beijing, Perth, Singapore, Hong Kong",4b156ddb-e65d-444b-89c5-077c87f943e7,bigleopard664,office,IVAvDS8b,5ad0690972cc0aedc3711a393c3ce24d,d23342fc261b66d90f5140e4cd2d5c4d9ccca069,1475a781ddee42f157de7261a141ab57580f5d0a3034b0451245b2e16b3ee0b3,1948-07-19T10:43:29.957Z,76,2010-08-31T17:01:07.516Z,14,,,https://randomuser.me/api/portraits/men/58.jpg,https://randomuser.me/api/portraits/med/men/58.jpg,https://randomuser.me/api/portraits/thumb/men/58.jpg
male,david.coleman@example.com,04-1497-6267,0445-672-863,AU,Mr,David,Coleman,2910,Valley View Ln,Hobart,Northern Territory,Australia,1098,84.7033,-17.7533,+11:00,"Magadan, Solomon Islands, New Caledonia",1c726821-3efe-4a90-8c7d-05be6d9d370f,goldenbear373,snapple,XknuuFsN,62c4f6767b199ecf8d0ceaa6a2741f61,e95cdb4676df7bca82c59a35f7bcdb320ff19601,ad0403a3d0a241c0b59faa2dd66cb18a39ddf920b8b802c4c51ae6475bd2128c,1954-09-20T11:03:33.554Z,70,2007-08-23T14:24:15.063Z,17,TFN,628889696,https://randomuser.me/api/portraits/men/93.jpg,https://randomuser.me/api/portraits/med/men/93.jpg,https://randomuser.me/api/portraits/thumb/men/93.jpg
female,peppi.walli@example.com,09-500-130,044-704-45-43,FI,Mrs,Peppi,Walli,1105,Satakennankatu,Orimattila,Lapland,Finland,30086,51.1525,139.1467,+8:00,"Beijing, Perth, Singapore, Hong Kong",7a53b8cb-c443-4191-aa18-e80e6baa397d,sadtiger616,keegan,mc6Pa1tj,9626efb144ee0ce25c1aaa22c3ec550c,85abf2d25123a9c0c0bb4e08f940048f4bb467e6,c831d10f6c9ccb30d1aad1d6dbbbb74ad74c064797bddd859fa7f5dbfa353205,1952-12-14T23:41:13.049Z,72,2004-03-13T19:20:10.392Z,21,HETU,NaNNA188undefined,https://randomuser.me/api/portraits/women/8.jpg,https://randomuser.me/api/portraits/med/women/8.jpg,https://randomuser.me/api/portraits/thumb/women/8.jpg
female,lou.fleury@example.com,03-10-76-83-53,06-27-78-71-07,FR,Miss,Lou,Fleury,238,Place de la Mairie,Argenteuil,Guadeloupe,France,68863,49.7363,-138.3836,0:00,"Western Europe Time, London, Lisbon, Casablanca",ddf9a32c-0344-475b-8c3d-3a154994cac6,yellowbutterfly538,gggggggg,q53UGSVG,69e01e9375330973bb7ca24f0c0b3cd0,fdc530296a21527029fcd2dcbb25e1c20ca15029,4cf9a660920acc19a57bfe86ab342a4a747093f80ffe40f6d878a867685b0a84,1981-04-21T09:48:33.750Z,44,2014-10-11T05:16:28.313Z,10,INSEE,2810360926582 44,https://randomuser.me/api/portraits/women/53.jpg,https://randomuser.me/api/portraits/med/women/53.jpg,https://randomuser.me/api/portraits/thumb/women/53.jpg
male,adrian.martin@example.com,04-5630-3473,0457-645-017,AU,Mr,Adrian,Martin,1491,Forest Ln,Cairns,Northern Territory,Australia,4494,-68.5948,113.5261,0:00,"Western Europe Time, London, Lisbon, Casablanca",2f22549b-968a-451e-9261-81f8435b8f00,goldenfrog373,zang,6G2zAUEo,d2bdeac1a6fa70079902dc56984169b1,a44cf759892ac66c813565c16cea32ffb402828c,a6caec801af4749b744507dc77cf4c81ba10d77060e6f2972030609cba9e3954,1964-01-10T21:30:54.495Z,61,2008-12-29T20:29:11.337Z,16,TFN,024796400,https://randomuser.me/api/portraits/men/61.jpg,https://randomuser.me/api/portraits/med/men/61.jpg,https://randomuser.me/api/portraits/thumb/men/61.jpg
female,sheryl.kelly@example.com,016973 73521,07803 031027,GB,Ms,Sheryl,Kelly,6734,School Lane,Dundee,Clwyd,United Kingdom,KC28 1FB,0.9519,-127.9211,-2:00,Mid-Atlantic,ca177a46-4abf-4586-8914-40427b723720,purplekoala324,frozen,F2gfOSF6,b7b73371e52c2e5cdda645c8d43a99cb,9a27d7b7d4cf9ef42502a11a809f5d080f4b80ae,5906bf71f535add62f8183f0ca5e4fb25e159be95bfb067a76ac1fdf4316189b,1945-05-10T16:40:36.341Z,80,2011-05-24T22:23:16.615Z,14,NINO,PA 59 15 33 I,https://randomuser.me/api/portraits/women/33.jpg,https://randomuser.me/api/portraits/med/women/33.jpg,https://randomuser.me/api/portraits/thumb/women/33.jpg
female,angela.garcia@example.com,34332540,98591563,NO,Ms,Angela,Garcia,4346,Drivhusveien,Amtmannsnes,Telemark,Norway,7017,84.9493,34.8472,+10:00,"Eastern Australia, Guam, Vladivostok",b1082db4-6bde-471b-88e0-6040449af4c1,silverelephant345,judy,HRJVRhwK,2fc5e329da0022ea25d4a4e4401b51ce,dd5b036ac614878872857b4a523a29b5b2af4151,34d189f07beaaaef9e0ca614aed501f7f077bcd2932ee9e6b8979166b2f44499,1982-02-20T14:27:04.944Z,43,2012-07-29T05:43:29.322Z,12,FN,20028213876,https://randomuser.me/api/portraits/women/4.jpg,https://randomuser.me/api/portraits/med/women/4.jpg,https://randomuser.me/api/portraits/thumb/women/4.jpg
female,kaitlin.williamson@example.com,01617 000739,07014 497419,GB,Ms,Kaitlin,Williamson,4631,Church Road,Portsmouth,South Yorkshire,United Kingdom,NI2 1BX,-42.0036,140.9798,-5:00,"Eastern Time (US & Canada), Bogota, Lima",1ace84cf-776c-44b9-9779-44cfea46b439,silvergoose364,gundam,xehQEBMF,a78e096b06c999c65c6fac8a506371e4,ba0d4edfd9d5d1ad40c7756c75e706f5f7eac4ae,c9dd0f6551cc0e90759d9023feb2cda2c044c765091cfeb1d049a4c29c1918fe,1961-04-26T13:23:00.195Z,64,2014-08-18T14:19:39.804Z,10,NINO,HB 85 82 66 D,https://randomuser.me/api/portraits/women/17.jpg,https://randomuser.me/api/portraits/med/women/17.jpg,https://randomuser.me/api/portraits/thumb/women/17.jpg
female,jeanne.tucker@example.com,(709) 219-8394,(543) 285-5685,US,Miss,Jeanne,Tucker,2167,Frances Ct,Portland,Arizona,United States,81387,50.1552,-89.1304,+11:00,"Magadan, Solomon Islands, New Caledonia",03f3ba31-9477-4c52-8150-1390792eae15,beautifullion863,alanis,vDY9s5je,829c046c712890891a4d0861451f2945,58eb383265098c9006974ddc5ee2e71bfa091d39,55dfe43b5d546d1b5da48d3100139d4b315cc7c23f212aa9d514669ac9ce2895,1959-07-16T15:11:46.683Z,66,2013-07-23T16:03:29.721Z,11,SSN,495-11-9359,https://randomuser.me/api/portraits/women/42.jpg,https://randomuser.me/api/portraits/med/women/42.jpg,https://randomuser.me/api/portraits/thumb/women/42.jpg
female,lilja.jarvela@example.com,04-037-107,049-701-02-34,FI,Ms,Lilja,Jarvela,2784,Korkeavuorenkatu,Muurame,Ostrobothnia,Finland,24578,-31.7033,-33.7641,-12:00,"Eniwetok, Kwajalein",cc155c41-81d5-4b07-8307-de60ad618b7d,goldenwolf354,passport,W8xm1z6O,4f5cea8b82543a05855c8051e2a319e6,30cdf0ef65837743e1c1d993f19e8662a54e48c0,a8cd2791dd70be63abfb332509c1fac7b75fe0c988be34a76a522699e9f473f7,1988-08-19T05:37:39.485Z,36,2002-09-05T12:48:56.157Z,22,HETU,NaNNA866undefined,https://randomuser.me/api/portraits/women/84.jpg,https://randomuser.me/api/portraits/med/women/84.jpg,https://randomuser.me/api/portraits/thumb/women/84.jpg
male,harry.lane@example.com,00-3131-7823,0443-782-742,AU,Mr,Harry,Lane,4289,Green Rd,Toowoomba,Australian Capital Territory,Australia,5677,-55.8141,-68.0145,-1:00,"Azores, Cape Verde Islands",2663a092-0986-4d63-9f9a-c2642774f39f,redmeercat545,bigred,UihrjlR9,52047901a51a1f19acfe0dbb38a1d79b,bda479d98c64a6c050e7ed27da803611dbf60886,71a74a2d22da2f183b15e1c290334ed412d9e86042de925933c72ae645f6b4f5,1982-03-22T16:31:47.115Z,43,2008-10-03T01:17:40.086Z,16,TFN,378599192,https://randomuser.me/api/portraits/men/86.jpg,https://randomuser.me/api/portraits/med/men/86.jpg,https://randomuser.me/api/portraits/thumb/men/86.jpg
male,ryder.belanger@example.com,R97 J03-8387,Y89 U46-4798,CA,Mr,Ryder,Bélanger,5898,Parliament St,Winfield,Nunavut,Canada,J2V 9Z3,9.5607,140.2863,0:00,"Western Europe Time, London, Lisbon, Casablanca",c77a2c96-7a59-4f34-8f9f-b1bfd525f9df,silverswan174,enigma,afDhgRRE,bb368a8806f0dc1794e6b00b1cec7041,8da45c1bd0195b422620fd2da5857e5f46c5b653,3d46b36b55bb5d69dc54ee167acdb8718c59666cbfac78803b1b5dd17aeeea54,1994-07-16T08:58:49.563Z,31,2009-04-18T12:49:39.412Z,16,SIN,213346026,https://randomuser.me/api/portraits/men/67.jpg,https://randomuser.me/api/portraits/med/men/67.jpg,https://randomuser.me/api/portraits/thumb/men/67.jpg
female,jade.dubois@example.com,05-03-40-30-40,06-34-95-04-68,FR,Ms,Jade,Dubois,5134,Rue du Bon-Pasteur,Nîmes,Vosges,France,78065,57.9619,86.6031,+10:00,"Eastern Australia, Guam, Vladivostok",fed9e941-1f2e-4187-b19f-6a6e9e03efc4,bluemeercat365,divers,FTWWPdk3,e32fa398f9f2c9058d65e450c7c7a923,9e1e72f2e210d4b76f94450b6a9e354733206478,8728943548cb79c9457a9c19b33b39e61c4d92806a5bd48ac6b562d373e1860d,1961-04-03T17:48:06.434Z,64,2018-07-16T03:05:19.550Z,7,INSEE,2610333893950 47,https://randomuser.me/api/portraits/women/90.jpg,https://randomuser.me/api/portraits/med/women/90.jpg,https://randomuser.me/api/portraits/thumb/women/90.jpg
female,justine.ouellet@example.com,G16 S30-0738,G85 O11-8693,CA,Ms,Justine,Ouellet,5230,George St,New Glasgow,Newfoundland and Labrador,Canada,Y6V 2F5,-40.8248,-167.4399,+7:00,"Bangkok, Hanoi, Jakarta",ad6f00d0-aece-4044-9463-45204cd552cf,whiteleopard438,shaman,blxDiRJA,6ddad3af94b67d47d6bf72131201750a,3a1ed60676e65d4bc312bf3d121e68a495c13174,5088b89b5187c24a5d6384504477117a4e0d55f31cf9ebe5c58dc646ea5da54c,1989-06-09T22:05:27.260Z,36,2004-03-27T12:56:10.050Z,21,SIN,051369700,https://randomuser.me/api/portraits/women/56.jpg,https://randomuser.me/api/portraits/med/women/56.jpg,https://randomuser.me/api/portraits/thumb/women/56.jpg
female,marcele.fernandes@example.com,(79) 0773-8909,(98) 4331-9148,BR,Miss,Marcele,Fernandes,2211,Rua da Saudade,Bento Gonçalves,Rio Grande do Norte,Brazil,33434,80.5267,-108.3895,+10:00,"Eastern Australia, Guam, Vladivostok",a2ccd7a0-08f5-4f16-a4de-264b0f6c3e74,crazydog894,18436572,eezWj1JI,38bb639d0b701cc092573b9c67330f86,b31d20b8886191c89950a1513783526f58104eca,3b21122f404901d1e2d92043acbca3ecf14a1a1ae9bc2301e9e5245ff0e9406f,1945-03-02T21:30:11.835Z,80,2009-10-07T22:39:22.298Z,15,CPF,332.028.198-45,https://randomuser.me/api/portraits/women/32.jpg,https://randomuser.me/api/portraits/med/women/32.jpg,https://randomuser.me/api/portraits/thumb/women/32.jpg
male,jan-willem.horsman@example.com,(0416) 782812,(06) 87043812,NL,Mr,Jan-Willem,Horsman,164,Dunolaan,Beusichem,Zuid-Holland,Netherlands,3240 HP,-71.4228,-112.7317,-7:00,Mountain Time (US & Canada),7db9fccb-2707-4ca5-b2e4-99189e480dad,whitesnake715,bernie,dAtr7k3Z,64e8a90103dda36cf9872c01a47bd876,f81e9edf43a6d02a50d149761aba9ec64e7f16e5,62e5a8f167b84eca4a8b2b312bbe2d8438a71d43d7be30b069c7c02433c595ce,1990-11-05T08:28:38.197Z,34,2014-11-14T13:33:58.502Z,10,BSN,93900284,https://randomuser.me/api/portraits/men/46.jpg,https://randomuser.me/api/portraits/med/men/46.jpg,https://randomuser.me/api/portraits/thumb/men/46.jpg
male,amol.gamskar@example.com,7754353092,8655133365,IN,Mr,Amol,Gamskar,9572,China Bazaar Rd,Avadi,Tamil Nadu,India,80358,-86.3333,-148.0529,-2:00,Mid-Atlantic,a665e5cb-ba8d-4b78-ac8b-0c6251211c98,bigzebra339,bethany,GtukBGQf,6de18b220ca7a79d734c794b7d04cb31,f0a16dfada73824775c9f7586758bbda2ef020fb,f900e11249868bafb6ba25dd52b0f10b79a5d673ad933091512bcd336c1af54c,1978-08-25T04:15:09.889Z,46,2008-11-07T16:59:36.598Z,16,UIDAI,831674725366,https://randomuser.me/api/portraits/men/4.jpg,https://randomuser.me/api/portraits/med/men/4.jpg,https://randomuser.me/api/portraits/thumb/men/4.jpg
male,ian.gordon@example.com,015395 98832,07740 469171,GB,Mr,Ian,Gordon,7927,The Avenue,Salford,Strathclyde,United Kingdom,S4K 9QW,-46.5913,23.3684,+7:00,"Bangkok, Hanoi, Jakarta",04d8fadf-5ae4-458e-b96b-e0e3290795c2,smallduck790,1962,uX3wFoYv,016c82c46960b0a32508b1cbd816f1ab,50e2f754a5989f220f6ab089bcff4897da98c2e6,c135f0cbd0dc45d9242a11e28c56d9aac4c862aeeda0dc8fda4b573d946e7a51,1965-01-05T04:38:06.158Z,60,2004-12-01T19:58:45.005Z,20,NINO,OP 66 01 61 G,https://randomuser.me/api/portraits/men/88.jpg,https://randomuser.me/api/portraits/med/men/88.jpg,https://randomuser.me/api/portraits/thumb/men/88.jpg
male,zachary.carlson@example.com,011-038-2927,081-051-6586,IE,Mr,Zachary,Carlson,4570,Patrick Street,Mallow,Clare,Ireland,72906,54.8100,14.2138,-11:00,"Midway Island, Samoa",b48efa10-c4ae-4106-8a97-89888e4704d8,angrydog815,zhuo,wthBXwYW,b99775ebebd11b5813d698d370a472a2,590e908a98fbf5cd57e03442d7d7bea7a95acb4d,0ca89fe81b1034c0c1a3e0b070648e419de5d3cf2375646a45f6f804b72817be,1978-02-14T14:33:27.794Z,47,2007-12-27T16:24:42.020Z,17,PPS,9259447T,https://randomuser.me/api/portraits/men/13.jpg,https://randomuser.me/api/portraits/med/men/13.jpg,https://randomuser.me/api/portraits/thumb/men/13.jpg
female,thn.aalyzdh@example.com,063-85914622,0915-007-0098,IR,Ms,ثنا,علیزاده,7979,حجاب,ملارد,اردبیل,Iran,42049,-88.1911,-112.0355,-2:00,Mid-Atlantic,99d8d17d-742d-4494-918c-85fc33bce082,crazycat876,redleg,5bJAEQnN,31b9176feba932802e8150911c2d6033,6ada8d2e82bf420c2fc80c8b13c5dc0d3285d7c3,9c598619e57e648b5cde79b67d1f07e85ccb34267ded41cb6e29daf2b2ebb52d,1995-05-30T18:44:43.640Z,30,2006-03-31T11:52:48.332Z,19,,,https://randomuser.me/api/portraits/women/49.jpg,https://randomuser.me/api/portraits/med/women/49.jpg,https://randomuser.me/api/portraits/thumb/women/49.jpg
female,nieves.nunez@example.com,975-723-163,658-717-914,ES,Ms,Nieves,Núñez,4146,Calle de Téllez,Bilbao,Andalucía,Spain,87739,26.4554,-156.4905,+10:00,"Eastern Australia, Guam, Vladivostok",661e3cc9-8e2b-4021-9729-d88d46021234,tinypanda662,clemente,9Rd3kmhL,81499da472354c7d4bb3964843a5cfc3,a0c2a40deb76de12f32d178521ea2c9de7c55ccc,5a7f9a413a5859a738021071ba650be49d032a08124f851c0d105d023a9bf4d3,1961-01-28T06:26:28.440Z,64,2004-01-21T08:15:14.095Z,21,DNI,91273838-E,https://randomuser.me/api/portraits/women/57.jpg,https://randomuser.me/api/portraits/med/women/57.jpg,https://randomuser.me/api/portraits/thumb/women/57.jpg
male,david.fletcher@example.com,017683 34629,07722 287610,GB,Mr,David,Fletcher,7371,Springfield Road,Coventry,South Yorkshire,United Kingdom,TM3U 1GU,38.4180,-103.6068,+3:30,Tehran,7628e657-b4a8-49ad-87ed-6e66224978f3,yellowkoala171,369369,21vjh4YO,12d2440237d39ae2409cc83f0e7d3914,986315bbcefb423e814120d170611cd7c6f10359,53124b574fc9f382c9b8105f0461f42c90d55a921d385bc94cb83bf7ce5a4f6f,1997-02-24T01:45:37.848Z,28,2002-07-19T18:46:49.309Z,22,NINO,TX 30 51 38 Q,https://randomuser.me/api/portraits/men/37.jpg,https://randomuser.me/api/portraits/med/men/37.jpg,https://randomuser.me/api/portraits/thumb/men/37.jpg
female,maelle.martinez@example.com,02-77-14-98-70,06-49-68-89-19,FR,Miss,Maëlle,Martinez,2881,Avenue de l'Abbé-Roussel,Clermont-Ferrand,Bas-Rhin,France,61162,62.8942,72.6903,+5:45,Kathmandu,b1aa0b32-82a0-4599-b445-92682011e3c8,orangewolf876,pitures,L7s0YG6G,1c6a5d5ef1000a8419c45d311eb73586,1220cc29d9f57019bd27deac4c4346d3e929ae62,6aaa95be9d8534f3848f66ea489b4d5a6ad01dfdb385b7e3557845f0c19b7ab6,1997-09-01T03:15:17.040Z,27,2020-08-24T16:54:42.683Z,4,INSEE,2970766120452 95,https://randomuser.me/api/portraits/women/34.jpg,https://randomuser.me/api/portraits/med/women/34.jpg,https://randomuser.me/api/portraits/thumb/women/34.jpg
male,udo.brussaard@example.com,(073) 3812543,(06) 27373531,NL,Mr,Udo,Brussaard,6009,Joeppe,Schalkwijk,Groningen,Netherlands,2176 ZK,6.6549,10.5793,-11:00,"Midway Island, Samoa",04e924ee-60e2-424a-9894-ffe5a5a1f97d,heavyladybug481,nuts,0hgAdkJW,704d5549116c429d82660429bb4a1374,896307fc2d81af070cf42e866775afd809f2069b,3fa59e683b4606ef589aa0e609746c0379e47fdae51e957ab3e99827bb835948,1979-11-26T14:28:55.774Z,45,2020-08-02T01:50:20.199Z,4,BSN,10343239,https://randomuser.me/api/portraits/men/44.jpg,https://randomuser.me/api/portraits/med/men/44.jpg,https://randomuser.me/api/portraits/thumb/men/44.jpg
female,krisha.sheikh@example.com,9363334776,9932622757,IN,Miss,Krisha,Sheikh,9458,Rasta Peth,Ambarnath,Arunachal Pradesh,India,54962,-15.9750,103.7231,+9:30,"Adelaide, Darwin",8ba2e006-a46b-451a-a902-0ce4404ba625,goldenbutterfly490,starcraft,nd1xXfhc,3fe74086215bf25a484893216c1995a5,4beecbf8bd68c3aeed81c72498f3ad1dbba05cde,125e059ed54e2b9ce33051ac561a2a06fe4407fa2832276098883e9b1ec4310c,1953-04-26T10:32:38.911Z,72,2010-08-15T02:12:12.399Z,14,UIDAI,985587393781,https://randomuser.me/api/portraits/women/94.jpg,https://randomuser.me/api/portraits/med/women/94.jpg,https://randomuser.me/api/portraits/thumb/women/94.jpg
female,mihaela.jankovic@example.com,025-5212-106,063-8909-182,RS,Miss,Mihaela,Janković,3807,Gorskog Cara,Kosovo Polje,South Banat,Serbia,95898,-26.6979,113.5156,-11:00,"Midway Island, Samoa",04a3a988-0728-4ee6-a4a0-d4f63f9c48e2,blackleopard729,patriot,gKZxgIl1,a5ef0ddb595301a65e585dc4dd25b616,894dcb2a239d36eb529de42a665a40a51faecec6,8abf483692559702ffae1b2ac6f7880141a15f602be06530cb4aa2b125789c05,1984-10-16T19:45:26.873Z,40,2019-05-29T21:08:18.062Z,6,SID,312234215,https://randomuser.me/api/portraits/women/0.jpg,https://randomuser.me/api/portraits/med/women/0.jpg,https://randomuser.me/api/portraits/thumb/women/0.jpg
male,cameron.wright@example.com,(203)-114-7252,(065)-479-1892,NZ,Mr,Cameron,Wright,7596,Saint Aubyn Street,Invercargill,West Coast,New Zealand,39802,-76.0398,-66.0248,+1:00,"Brussels, Copenhagen, Madrid, Paris",92dc4e1c-6541-423a-8383-af529c57d238,sadduck720,enter,tgMQbcd3,ca96931bcc4a82589ad18b67b4bd6f5d,a024f92bb0be0f01d05182d9b4d32dae4deead99,174e89957c0cb26bbe0d57b06ad0355ae95bb21b8b4f35e2721fb2696bf766f1,1992-06-14T11:46:22.562Z,33,2021-07-02T15:25:07.244Z,4,,,https://randomuser.me/api/portraits/men/31.jpg,https://randomuser.me/api/portraits/med/men/31.jpg,https://randomuser.me/api/portraits/thumb/men/31.jpg
female,aylin.tveita@example.com,69091589,96977074,NO,Miss,Aylin,Tveita,3310,Teatergata,Sparbu,Oslo,Norway,7031,12.2144,-172.3251,+3:00,"Baghdad, Riyadh, Moscow, St. Petersburg",72616bea-6651-45e6-9757-8d51eac65953,ticklishbear196,nimitz,GVl50JFD,3b1901343dee37f73da954d33c5c8dfa,0118cd466bf49e564edf352811deb6c9851f5a1d,2133917dc9cada243929e356867d9757d01563b322c3843bef87aa613bb21b78,1966-01-12T14:44:00.075Z,59,2016-07-13T21:35:38.497Z,9,FN,12016643627,https://randomuser.me/api/portraits/women/7.jpg,https://randomuser.me/api/portraits/med/women/7.jpg,https://randomuser.me/api/portraits/thumb/women/7.jpg
female,fatma.tuzun@example.com,(230)-048-8590,(075)-291-0683,TR,Mrs,Fatma,Tüzün,8633,Vatan Cd,Tunceli,Erzincan,Turkey,82007,10.4199,136.0765,+7:00,"Bangkok, Hanoi, Jakarta",8a179065-4d0b-489e-acd6-bc8ccc65f9f6,whitedog196,demons,d9KVYKWb,4f26d7d8079c8f91f9e448bd431b5e35,a0426831cae160185ee12fd24f37cab1bb8e806e,2b884658a45dc3549796ee092778dc5a883e562965326b8948c0f9fa5699883a,2000-05-11T09:22:07.766Z,25,2018-04-07T05:34:10.128Z,7,,,https://randomuser.me/api/portraits/women/70.jpg,https://randomuser.me/api/portraits/med/women/70.jpg,https://randomuser.me/api/portraits/thumb/women/70.jpg
female,apoorva.singh@example.com,9532849721,8168427396,IN,Miss,Apoorva,Singh,8056,Mall Rd,Secunderabad,Lakshadweep,India,40539,-33.4465,-115.0013,-3:30,Newfoundland,fb9784ba-2468-4be9-9e7f-2ae7734be351,lazyfrog190,randolph,3CPmP4Zn,ef666fc8ef05e2e967efb3dfa81b8224,2bf31bec570dcdbd54523a7e566967d50403db40,3afaabdcffa4dacc8ddf485a7daa29c614bc05b66e00d0d628aad225209e19e9,1962-12-20T06:28:57.937Z,62,2003-12-29T00:46:44.344Z,21,UIDAI,712631314593,https://randomuser.me/api/portraits/women/2.jpg,https://randomuser.me/api/portraits/med/women/2.jpg,https://randomuser.me/api/portraits/thumb/women/2.jpg
